speaker-name,number-of-lectures
Giovanni Donadelli,1
Shi Xie,1
Francesco Ferrarese,1
Teresa Bernardi,1
Daniel Zilio,1
Elisabetta Novello,1
Marco Chemello,1
Monica Monachini,1
Marina Buzzoni,1
Carolina Fernández-Castrillo,1
Paolo Monella,1
Alberto Campagnolo,1
Francesca Tomasi,1
Daniele Fusi,1
Rodolfo Delmonte,1
Marie Redmond,1
Barbara Tramelli,1
Leonardo Campus,1
Diego Mantoan,1
Tanya Evans,1
Joris van Zundert,1
Sarah May,1
Samuel J Huskey,1
Abhishek Dutta,1
Matilde Malaspina,1
Ernesto Priego,1
Marta Severo,1
Michael B. Toth,1
Fabrizio Nevola,1
Erma Hermens,1
Maurizio Forte,1
Tiziana Mancinelli,1
Dániel Kiss,1
Alyssa Arbuckle,1
Nicolò Dell’Unto,1
Rita Bernini,1
José María Luzón,1
Maria Cristina Misiti,1
Marilena Daquino,1
Arturo Gallia,1
Ioannis (John) Pavlopoulos,1
Tiago Luís Gil,1
Jean-Baptiste Camps,1
Barbara McGillivray,1
Paolo Berti,1
Agnese Macchiarelli,1
Sean Williams,1
Francesca Dolcetti,1
Ludovica Galeazzo,1
Federica Maietti,1
Emmanuela Carbé,1
Mark Algee-Hewitt,1
Alessandro Lenci,1
Rossana Damiano,1
Ilaria Caloi,1
Federico Bernardini,1
Thomas Cauvin,1
Federico Boschetti,1
Jeroen Kloet,1
Vincent Dziekan,1
Amanda Madden,1
Scott Rettberg,1
Pierre Poulain,1
Olivier Ritz,1
Fabrice Flipo,1
Camille Bloomfield,1
Elsa Tadier,1
Ronan Ysebaert,1
Karine Abiven,1
Alexandre Bartz,1
Côme Saignol,1
Alice Borgna,1
Georges Da Costa,1
Eugène Gherardi,1
Céline Bohnert,1
Anne Garcia-Fernandez,1
Léa Saint-Raymond,1
Anne Réach-Ngô,1
Christophe Luzi,1
Théodora Balmon,1
Linda Piazza,1
Reinhard Messerschmidt,1
Sascha Diwersy,1
Moritz Hoffmann,1
Elena Parina,1
Frederik Elwert,1
Tim Geelhaar,1
Johannes Daxenberger,1
Peter Dängeli,1
Marko Demantowsky,1
Frank Hentschel,1
Tobias Hodel,1
Fabian Cremer,1
Laia Pujol,1
Randa El Khatib,1
Sarah Schulz,1
Jan Kirschbaum,1
Thomas Wikman,1
Francisco Mondaca,1
Andreas Mertgens,1
Nasrin Saef,1
Patrick Helling,1
Vincent Christlein,1
Christian Chiarcos,1
Maxim Ionov,1
Michael Sperberg-McQueen,1
Björn Klein,1
Dennis Demmer,1
Chiara Palladino,1
Farimah Karimi,1
Nadine Oberste-Hetbleck,1
Jan Bigalke,1
Sviatoslav Drach,1
Adrian Pohl,1
Pascal Christoph,1
Fabian Steeg,1
Jens Peters,1
Sabine Günther,1
Linda Freyberg,1
Özlem Çetinoğlu,1
Maria Effinger,1
Daniel Röwenstrunk,1
Hannah Busch,1
Britta Mischke,1
Marcello Perathoner,1
Adelheid Heftberger,1
Johanna Binnewitt,1
Fabian Offert,1
Janis Pagel,1
Andrea Lorenz,1
Mia Berg,1
Torsten Schrade,1
Mihailo Popović,1
Bernhard Koschiček-Krombholz,1
Manfred Stede,1
Pedro Santos,1
Vera Grund,1
Henner Drewes,1
Andreas Münzmay,1
Heike Messemer,1
Oliver Schrader,1
Sebastian Gassmann,1
Claudia Sode,1
Alessio Sopracasa,1
Alina Ostrowski,1
Klaus Heusinger,1
Massoomeh Niknia,1
Pablo Ruiz Fabo,1
Weixuan Li,1
Mirella De Sisto,1
Daniel Cremer,1
Ute Verstegen,1
Sebastian Cuy,1
Cristina Marras,1
Mona Hess,1
Aleš Vaupotič,1
Daniel Wickeroth,1
Lena Tambs,1
Irmela Herzog,1
Patricia Martin-Rodilla,1
Steve Stead,1
Daniel Graña-Behrens,1
Sara Perry,1
Jan Assmann,1
Jan Kenter,1
Stefanie Läpke,1
Andrea Giordano,1
Florian Janoscha Kreppner,1
Nadezhda Povroznik,1
Verónica Paula Gómez,1
Hubert Mara,1
Michael Remmy,1
Valentina Hiseni,1
Dominik Kruhl,1
Christian Theisen,1
Joanna Byszuk,1
Elton Barker,1
Kai-Christian Bruhn,1
Andrew Reinhard,1
Jasmin Bieber,1
Jonas Bruschke,1
Cindy Kröber,1
Mélanie Roche,1
Stefan Feuser,1
Maximilian Behnert-Brodhun,1
Nina Marie Evensen,1
Francesco Valletta,1
Gabriele Salciute Civiliene,1
Matthias Lang,1
Alin Olteanu,1
Sebastian Hageneuer,1
Daniel Hinz,1
Robert Matthias Erdbeer,1
Marco Block-Berlitz,1
Nina Bonderup Dohn,1
Stig Børsen Hansen,1
Inger-Marie Falgren Christensen,1
Iris Kramer,1
Alexandre Vanautgaerden,1
Julianne Nyhan,1
Andreas Noback,1
Nicholas Gestrich,1
Ulrich Lang,1
Elisa Roßberger,1
Alex Brandsen,1
Gioele Barabucci,1
Raissa Garozzo,1
Anja Wutte,1
Marcel Schaeben,1
Aris Politopoulos,1
Dimitar Iliev,1
Fabrício Ferraz Gerardi,1
Bruno Barreto,1
Lutz Schubert,1
Stephen Stead,1
Heiko Prümers,1
Lukas Lammers,1
Vyshantha Simha,1
Liam Downs-Tepper,1
Giacomo Landeschi,1
Mila Oiva,1
Chris Deligio,1
Hendrik Hameeuw,1
Tim Kerig,1
Arianna Ciula,1
Daniel Jettka,1
Anne Ferger,1
Julia Nantke,1
Torsten Roeder,1
Helena Bermúdez Sabel,1
Antje Theise,1
Max Schröder,1
Manuela Reichelt,1
Anja Eggert,1
Jorge Uribe,1
Pedro Sepúlveda,1
Inês Rebelo do Carmo,1
Karsten Labahn,1
Marc Lemke,1
Nils Kellner,1
Petra Himstedt-Vaid,1
Holger Meyer,1
Andy Räder,1
Caroline Müller,1
Mark Hall,1
Milan Kostrešević,1
Soham Al-Suadi,1
,1
Philipp Pilhofer,1
Martin Wagner,1
Stefan Höltgen,1
Alexander Vandewalle,1
Julián Spinelli,1
Torsten Veit,1
Anna Neovesky,1
Clemens Cap,1
,1
Stefan Kroll,1
Johann-Christian Põder,1
Jana-Katharina Mende,1
Katrin Dennerlein,1
Hermann Diebel-Fischer,1
Kerstin Schankweiler,1
Andreas Rutz,1
Peter Uhrig,1
Anne Klammt,1
Stephanie Zloch,1
Mathias Herrmann,1
Martin Reimer,1
,1
Anne-Marie Lachmund,1
Simon Razniewski,1
Ralf Christoph,1
Anna Mattern,1
Maren Hachmeister,1
Thomas Koehler,1
Nadine Schaarschmidt,1
Burkhard Meyer-Sickendiek,1
Hussein Hussein,1
Frederike Neuber,1
Johannes Baiter,1
Hartmut Schirmacher,1
Redmer Kronemeijer,1
Tobias Simon,1
Alex Fry,1
Roy Gardner,1
Jonas Müller-Laackman,1
Oliver Pohl,1
Julian Jarosch,1
Jochen Klar,1
Martin Grötschel,1
Franziska Diehr,1
Peer Trilcke,1
Anna Busch,1
Mark-Jan Bludau,1
Antonio Rojas Castro,1
Franziska Klemstein,1
Annelen Brunner,1
Alexander Geyken,1
Julia Naji,1
Maximilian Kaiser,1
Stephan Kurz,1
Matthias Schlögl,1
Daniela Schulz,1
Nicole Marianne Wilk,1
,1
,1
Lou Klappenbach,1
Markus Schnöpf,1
Christopher Georgi,1
Linda Kirsten,1
Frauke Thielert,1
Günter Mühlberger,1
Frederik Arnold,1
Benjamin Fiechter,1
Robert Jäschke,1
Steffen Martus,1
Heike Zinsmeister,1
Chris Biemann,1
Sabine Schulte im Walde,1
Katrin Henzel,1
Ulf Hamster,1
Holger Helbig,1
Andreas Vogeler,1
Matthias Boenig,1
Marius Hug,1
Nico Dorn,1
Volker Harm,1
Nathalie Mederake,1
Kerstin Meyer-Hinrich,1
Nils Diewald,1
Marc Kupietz,1
Andreas Nolda,1
Roman Schneider,1
Adrien Barbaresi,1
Lothar Lemnitzer,1
Thomas Gloning,1
Konstanze Marx,1
Christian Reul,1
Timm Lehmberg,1
Oliver Corff,1
Martin Langner,1
Dîlan Canan Çakir,1
Boris Orekhov,1
Silvia Gutiérrez,1
Benjamin Herbst,1
Tinghui Duan,1
Lena Wontorra,1
Maximilian Noichl,1
Sarah Lang,1
Charles Pence,1
Federica Iurescia,1
Maria Chiara Parisi,1
Rachele Sprugnoli,1
Jonah Lubin,1
Lea Schäfer,1
Dario Rodighiero,1
Agnes Hilger,1
Antonia Murath,1
Johanna Grünler,1
Annalena Hiergeist,1
Nikolai Wolle,1
Andrea Beyer,1
Konstantin Schulz,1
Mark Schwindt,1
Charlotte Panušková,1
Johannes Hercher,1
Birgit Rehse,1
Ashleigh Harris,1
Michael Falk,1
Laura Untner,1
Daniele Metilli,1
Gabrielle Desmet,1
Sarah Rebecca Ondraszek,1
Fabian Schwabe,1
Steffen Patzold,1
Markus Wust,1
Andrea Worm,1
Eleanor Goerss,1
Roman Bleier,1
Kevin Körner,1
Asya Achimova,1
Rembert Eufe,1
Marion Darilek,1
Stefan Morent,1
Christian Lehmann,1
Jonas Kuhn,1
Sabine Holtz,1
Frank Leymann,1
Achim Stein,1
Carola Trips,1
Peter Scholz,1
Steffen Koch,1
,1
Stefan Pernes,1
Nora Echelmeyer,1
Thomas Rainsford,1
Mark Gerstorfer,1
Fabian Bross,1
Marcus Willand,1
Karolina Vukojevic-Haupt,1
Jan-Peter Ostberg,1
Uwe Breitenbücher,1
Peter Reimann,1
Daniel Fett,1
Lars Lischke,1
Frank Dürr,1
Oliver Kopp,1
Matthias Wieland,1
,1
Lukas Fleischer,1
Hartmut Knopp,1
Andrea Rapp,1
Andreas Kaminski,1
Heinz Werner Kramski,1
Maria Männig,1
Johannes Schmidt,1
Claude Draude,1
Elisabetta Mengaldo,1
Rostislav Tumanov,1
Raphael Heiberger,1
José Calvo Tello,1
Claus-Michael Schlesinger,1
Peter Hinkelmanns,1
Katharina Zeppezauer-Wachauer,1
Maximiliam Hadersbeck,1
Astrid Ensslin,1
Svenja Guhr,1
Josephine Diecke,1
Mark Spoerer,1
Larissa Fritz,1
Maria José Afanador,1
Luise Borek,1
Kerstin Jung,1
Sebastian Padó,1
Nora Ketschik,1
Neele Falk,1
Axel Pichler,1
Arsenije Bogdanović,1
Carolin Odebrecht,1
Hans Goebl,1
Thomas Krefeld,1
Fabio Ciotti,1
Maurizio Lana,1
Alejandro Bia Platas,1
Diane Jakacki,1
David Wrisley,1
Denis Arnold,1
Bernhard Fisseni,1
Lauren Tilton,1
Carol Chiodo,1
Oleg Sobchuk,1
Jan Rybicki,1
Agata Hołobut,1
Anastasia Glawion,1
John Dawson,1
Leonard Konle,1
James David Porter,1
Lina Franken,1
Mike Fortun,1
Rebecca Carlson,1
Jan Keupp,1
Claudia Bamberg,1
Claudia Bamberg,1
Dirk Goldhahn,1
Torsten Hiltmann,1
Franziska Ehrl,1
Michelle Pfeifer,1
Sabine Timpf,1
Jacqueline Klusik-Eckert,1
Daniel Görres,1
Nicholas Cole,1
Benjamin Štular,1
Thomas Köntges,1
Karlheinz Mörth,1
Stefan Eichert,1
Katharina Prager,1
,1
Anna Frasca-Rath,1
Nicole High-Steskal,1
Sandra Mayer,1
Timo Frühwirth,1
Simon Brenner,1
Doris Gruber,1
Nora Linser,1
Lisa Nußbaumer,1
Georg Vogeler,1
Anita Lucchesi,1
Nina Rastinger,1
Jan Odijk,1
Marianne Backes,1
Paul Arthur,1
Marianne Huang,1
Jeffrey Schnapp,1
Keith Michael Baker,1
Alexandra Angeletaki,1
Björn Ommer,1
Gregory Crane,1
Natalie Harrower,1
Jan Willem Tulp,1
Miriah Meyer,1
Marieke van Erp,1
Laurent Romary,1
Stefanie Acquavella-Rauch,1
John Bateman,1
Hubertus Kohle,1
Stefanie Schneider,1
Sebastian Heath,1
Maximilian Schich,1
Anne Luther,1
Toma Tasovac,1
Anastasia Bonch-Osmolovskaya,1
Aliz Horvath,1
Tobias Blanke,1
Martin Dusinberre,1
Daniel McDonald,1
Leyla Feiner,1
Silke Schwandt,1
Peter Bell,1
Martin Grandjean,1
Christa Schneider,1
Lukas Rosenthaler,1
Thomas Nehrlich,1
Kurt Fendt,1
Gabriela Schwarz-Zanetti,1
Lukas Heinzmann,1
Roland Reichen,1
Silvio Raciti,1
Patricia Zihlmann,1
Christian Zimmermann,1
Jimmy Schmid,1
Martin Stuber,1
Bernhard Metz,1
Daniela Kohler,1
Pascale Sutter,1
Kaspar Gubler,1
Stefan Abel,1
Lise Jaillant,1
Isabelle Felsing,1
Ina Serif,1
Anna Jobin,1
Peter Fornaro,1
Ulrike Felsing,1
,1
Alejandro Héctor Toselli,1
Sonja Gasser,1
Moritz Mähr,1
Eugen Pfister,1
Pierre-Yves Hurel,1
Sophie Bémelmans,1
Yannick Rochat,1
,1
,1
Dave Krummenacher,1
Aurelia Brandenburg,1
Adrian Demleitner,1
Tobias Wildi,1
Elena Spadini,1
Andreas Weilinghof,1
Katarzyna Anna Kapitan,1
Claus Beisbart,1
Moritz Feichtinger,1
Alain Dufaux,1
Christian Gries,1
Sofie Taes,1
Bruno Jehle,1
Christiane Sibille,1
Dorothea Zimmermann,1
Isabelle Stoffel,1
Brian Katz,1
Daniel Jaquet,1
sabine Himmelsbach,1
Mirco Melone,1
Antoinette Maget Dominicé,1
Günhan Akarçay,1
Marc Strasser,1
John Ashley Burgoyne,1
Barbara Bordalejo,1
Benno Stein,1
Folgert Karsdorp,1
Sabine Lenk,1
Nele Wynants,1
Elien Vernackt,1
Greta Franzini,1
Erik Kwakkel,1
Wido Peursen,1
Jeroen De Gussem,1
Tom Deneire,1
Suzanne Mpouli,1
Sofia Ares Oliveira,1
Thorsten Ries,1
Gerrit Brüning,1
Roxanne Wyns,1
Christof Schöch,1
Hans Walter Gabler,1
Dries Moreels,1
Verónica Romero Gomez,1
Fotis Jannidis,1
Sarah Fierens,1
Corina Koolen,1
Franc Schuerewegen,1
Mats Dahlström,1
Huw Jones,1
Magdalena Turska,1
Mattia Di Gangi,1
Julie Blake,1
Paul Aron,1
Ari Bergman,1
Margherita Parigini,1
Mattia Di Gangi,1
Siebe Bluijs,1
Lois Burke,1
Gerhard Lauer,1
Peter Stokes,1
Megan Gooch,1
Nicholas Cornia,1
Enrique Manjavacas Arévalo,1
Mike Kestemont,1
Susan Hockey,1
Johanna Drucker,1
Niels Brügger,1
Carlo Meghini,1
Charlotte Roueché,1
Elisa Oreglia,1
Peter Chonka,1
Ashvin Mathew,1
Laura Gibson,1
Niki Cheong,1
Rafal Zaborowski,1
Cristina Moreno Almeida,1
Daniel Chávez Heras,1
Mercedes Bunz,1
Kate Devlin,1
Mikkel Kenni Bruun,1
Vita Peacock,1
Rob Sanderson,1
Elaine Treharne,1
Caroline Bassett,1
Salvador Ros Muñoz,1
Elena Battaner Moro,1
Ana Garcia-Serrano,1
Isabel Segura-Bedmar,1
Antonio Perianes-Rodríguez,1
Jesús Bermejo,1
Luis Alberto Polo,1
Andreas Ekström,1
Asad Sayeed,1
Helena Granström,1
Johannes Heldén,1
Lars Borin,1
Christian Horn,1
Cecilia Lindhé,1
Mats Björkin,1
Elena Lamberti,1
Frida Andersson,1
Maria Guadalupe Alvarez Diaz,1
Marcel O’Gorman,1
David M. Berry,1
Anders Fagerjord,1
Jonas Linderoth,1
Onur Kılıç,1
Mia Liinason,1
Nadia Ruiz Bravo,1
Lisen Selander,1
Rachel Pierce,1
Andrew Lison,1
Grant Bollmer,1
Ted Underwood,1
N. Katherine Hayles,1
John Martin,1
Julia Pennlert,1
Henrik Summanen,1
Christian Mehrstam,1
Katherine Bode,1
Jonas Ingvarsson,1
Jonathan Lundberg,1
Mathies Græsborg Aarhus,1
Lena Rogström,1
Sofie Johansson,1
Dick Claésson,1
Jonathan Westin,1
Anton Törnberg,1
Martina Hjertman,1
Ying-Hsang Liu,1
Giovanni Colavizza,1
Jaqueline Pierazzo,1
Marco Orlandi,2
Martina Elice,2
Federico Mazzini,2
Sara Tonelli,2
Nevio Danelon,2
Benedetta Bessi,2
Peter Robinson,2
Ulrike Wuttke,2
Thierry Stœhr,2
Simon Gabay,2
Richard Walter,2
Bernhard Ruef,2
Felix Rau,2
Franz Fischer,2
Øyvind Eide,2
Katja Diederichs,2
Christian Prager,2
Thierry Declerck,2
Thorsten Wübbena,2
Eleftheria Paliou,2
Georg Schelbert,2
Sebastian Zimmer,2
Mareike König,2
Nora Probst,2
Jonathan Blumtritt,2
Katrin Glinka,2
Elena Pierazzo,2
Claus Huitfeldt,2
Piotr Kuroczynski,2
Stefan Heßbrüggen-Walter,2
Martina Filosa,2
Jan Horstmann,2
Mark Finlayson,2
Susanne Kurz,2
Elli Bleeker,2
Costas Papadopoulos,2
Patricia Murrieta-Flores,2
Willard McCarty,2
Fernanda Alvares Freire,2
Dennis Mischke,2
Fabian Kaßner,2
Frank Krüger,2
Angila Vetter,2
Monica Berti,2
Anne Baillot,2
Julian Schröter,2
Evelyn Gius,2
Natalja Menold,2
Anna-Maria De Cesare,2
Verena Straub,2
Hauke Bartels,2
Marianne Kneuer,2
Angela Dreßen,2
Yannick Frommherz,2
Jan Langenhorst,2
Jan Heilmann,2
Andreas Kuczera,2
Aline Deicke,2
Gregor Middell,2
Marie Flüh,2
Annette Stockhausen,2
Michael Piotrowski,2
Jennifer Edmond,2
Beijia Chen,2
Lisa Poggel,2
Hanna Weimann,2
Matthias Bauer,2
Klaus Hentschel,2
Torsten Himel,2
Manuel Braun,2
Andreas Haka,2
Johanna Barzen,2
Reinhard Krüger,2
Beatrice Nickel,2
Klaus Wendel,2
Markus John,2
Peggy Bockwinkel,2
Toni Bernhart,2
Dominik Gerstorfer,2
Malte Heckelen,2
Jana Keck,2
Svenja Guhr,2
Lev Manovich,2
Lorna Hughes,2
Marieke van Erp,2
Chiara Zuanni,2
Immo Trinks,2
Rebecca Kahn,2
Dirk Hovy,2
Richard Rogers,2
Achim Rabus,2
Peter Leonard,2
Elisa Corrò,3
Claes Neuefeind,3
Andreas Witt,3
Alexander Czmiel,3
Berenike Herrmann,3
Zoe Schubert,3
Louise Tharandt,3
Mario Baumann,3
Orit Halpern,3
Anke Langner,3
Manuel Burghardt,3
Noah Bubenhofer,3
Miguel Escobar Varela,3
Angelika Zirker,3
Gabriel Viehhauser,3
Marc Priewe,3
Vanessa Hannesschläger,3
Maxim Romanov,3
Karin Wagner,3
Ray Siemens,4
Jürgen Hermes,4
Nils Reiter,4
Christopher Pollin,4
Alexander Lasch,4
Kay-Michael Würzner,4
Susanne Haaf,4
Johannes Preiser-Kapeller,4
Hannes Fellner,4
Florian Windhager,4
Lisa Dieckmann,5
Frank Fischer,5
Stefan Dumont,5
Tara Andrews,5
Thomas Wallnig,6
Ulrike Henny-Krahmer,6
Enes Türkoğlu,6
Simon Meier-Vieracker,6
Elisa Cugliana,6
Christian Thomas,6
Patrick Sahle,7
Tessa Gengnagel,7
Mareike Schumacher,9
