Person ID	Institution	Year
sperberg-mc-queen_michael	black-mesa-technologies	2020
bloomfield_camille	uni-paris-cite	2023
tadier_elsa	uni-paris-cite	2023
ysebaert_ronan	uni-paris-cite	2023
flipo_fabrice	uni-paris-cite	2023
ritz_olivier	uni-paris-cite	2022
stoehr_thierry	uni-paris-cite	2022
poulain_pierre	uni-paris-cite	2022
goerres_daniel	fh-koeln	2024
klusik-eckert_jacqueline	uni-duesseldorf	2023
timpf_sabine	uni-augsburg	2023
pfeifer_michelle	uni-dresden	2023
ehrl_franziska	library-uni-heidelberg	2023
hiltmann_torsten	uni-hu-berlin	2022
goldhahn_dirk	adw-leipzig	2022
naether_franziska	adw-leipzig	2022
bamberg_claudia	uni-trier	2022
keupp_jan	uni-muenster	2022
carlson_rebecca	uni-toyo	2023
fortun_mike	uni-california	2023
moreno-almeida_cristina	uni-london-queen-mary	2022
porter_james-david	uni-pennsylvania	2025
konle_leonard	uni-wuerzburg	2025
chonka_peter	uni-london-kcl	2022
mathew_ashwin	uni-london-kcl	2022
zaborowski_rafal	uni-london-kcl	2022
cheong_niki	uni-london-kcl	2022
gibson_laura	uni-london-kcl	2022
oreglia_elisa	uni-london-kcl	2022
brenner_leon	uni-bochum	2025
brenner_leon	uni-iu-berlin	2025
everitt_katherine	self-employment	2025
dawson_john	uni-cambridge	2024
holobut_agata	uni-jagiellonski	2024
rybicki_jan	uni-jagiellonski	2024
manovich_lev	uni-new-york	2024
sobchuk_oleg	mpi-eva	2024
jacqueline_anne	self-employment	2016
bocciolesi_enrico	uni-e-campus	2016
del-grosso_angelo-mario	cnr	2016
lame_marion	cnr	2015
lame_marion	uni-pisa	2016
caputo_marina	uni-perugia	2016
stella_francesco	uni-siena	2016
bianchi_alessandra	uni-bergamo	2016
cei_enzo	self-employment	2016
guarasci_roberto	uni-calabria	2016
spugnesi_giorgio	uni-pisa	2016
d-ambra_dario	fh-koeln	2016
feliciati_pierluigi	uni-macerata	2015
pagliarini_enrico	radio-24	2015
pinna_gabriela-maria	cnr	2015
frontini_francesca	cnr	2015
muggittu_vincenzo	liceo-classico-galileo-galilei	2015
testa_simone	eui	2015
de-santis_dario	uni-milano-bicocca	2015
potenziani_marco	cnr	2017
tomasi_lorenzo	uni-lausanne	2017
lo-duca_angelica	cnr	2017
traverso_ilaria	uni-madrid-autonoma	2017
viazzi_federica	library-beic	2017
battaner-moro_elena	uni-rey-juan-carlos	2024
bia-platas_alejandro	uni-miguel-hernandez	2020
jakacki_diane	uni-bucknell	2020
wrisley_david	uni-abu-dhabi-ny	2021
arnold_denis	ids	2021
fisseni_bernhard	ids	2021
tilton_lauren	uni-richmond	2021
chiodo_carol	library-uni-harvard	2021
ciotti_fabio	uni-roma-tor-vergata	2018
krefeld_thomas	uni-muenchen	2018
goebl_hans	uni-salzburg	2018
odebrecht_carolin	uni-hu-berlin	2015
garcia-fernandez_anne	uni-grenoble-alpes	2022
bohnert_celine	uni-reims	2022
bohnert_celine	iuf	2022
saint-raymond_lea	uni-paris-pantheon-sorbonne	2022
reach-ngo_anne	uni-haute-alsace	2022
reach-ngo_anne	iuf	2022
balmon_theodora	library-uni-corse	2022
piazza_linda	library-tommaso-trela	2022
gherardi_eugene	uni-corse	2021
nussbaumer_lisa	uni-wien	2023
linser_nora	uni-wien	2023
ensslin_astrid	uni-regensburg	2024
diecke_josephine	uni-zuerich	2024
kleymann_rabea	uni-chemnitz	2024
guhr_svenja	uni-darmstadt	2024
spoerer_mark	uni-regensburg	2024
fritz_larissa	uni-stuttgart	2024
afanador_maria-jose	uni-andes	2024
himmel_torsten	uni-stuttgart	2015
lehmann_christian	uni-stuttgart	2015
braun_manuel	uni-stuttgart	2015
kuhn_jonas	uni-stuttgart	2015
holtz_sabine	uni-stuttgart	2015
haka_andreas	uni-stuttgart	2015
leymann_frank	uni-stuttgart	2015
barzen_johanna	uni-koeln	2015
barzen_johanna	uni-stuttgart	2024
hentschel_klaus	uni-stuttgart	2015
krueger_reinhard	uni-stuttgart	2015
nickel_beatrice	uni-stuttgart	2015
stein_achim	uni-stuttgart	2015
trips_carola	uni-mannheim	2015
priewe_marc	uni-stuttgart	2015
wendel_klaus	uni-stuttgart	2016
pado_sebastian	uni-stuttgart	2024
falk_neele	uni-stuttgart	2025
bogdanovic_arsenije	uni-stuttgart	2025
pichler_axel	uni-stuttgart	2025
scholz_peter	uni-stuttgart	2016
koch_steffen	uni-stuttgart	2016
john_markus	uni-stuttgart	2016
willand_marcus	uni-stuttgart	2017
bross_fabian	uni-stuttgart	2017
mersiowsky_mark	uni-stuttgart	2017
gerstorfer_dominik	uni-stuttgart	2016
rainsford_thomas	uni-stuttgart	2016
bernhart_toni	uni-stuttgart	2016
echelmeyer_nora	uni-stuttgart	2016
pernes_stefan	uni-wuerzburg	2016
knopp_hartmut	uni-stuttgart	2018
rapp_andrea	uni-darmstadt	2018
kaminski_andreas	uni-stuttgart	2018
heckelen_malte	uni-stuttgart	2018
keck_jana	uni-stuttgart	2018
keck_jana	uni-salzburg	2020
kramski_heinz-werner	archive-dla-marbach	2018
maennig_maria	uni-marburg	2018
schmidt_johannes	uni-bielefeld	2019
draude_claude	uni-kassel	2019
mengaldo_elisabetta	uni-padova	2019
tumanov_rostislav	uni-stuttgart	2019
calvo-tello_jose	uni-wuerzburg	2019
heiberger_raphael	uni-stuttgart	2019
zeppezauer-wachauer_katharina	uni-salzburg	2020
hinkelmanns_peter	uni-salzburg	2020
hadersbeck_maximiliam	uni-muenchen	2020
ostberg_jan-peter	uni-stuttgart	2017
breitenbuecher_uwe	uni-stuttgart	2017
reimann_peter	uni-stuttgart	2017
fett_daniel	uni-stuttgart	2017
lischke_lars	uni-stuttgart	2017
duerr_frank	uni-stuttgart	2017
kopp_oliver	uni-stuttgart	2017
wieland_matthias	uni-stuttgart	2018
palumbo_valeria	rcs-media-group	2021
caselli_stefano	uni-malta	2021
bonera_matteo	the-visual-agency	2021
bonera_matteo	uni-milano-politecnico	2021
diamante_gugliemo	de-vulgare	2021
fantini_niccolo	de-vulgare	2021
cesaro_laura	sirius-game	2021
tavosanis_mirko	uni-pisa	2021
gnoli_claudio	uni-pavia	2015
roncaglia_gino	uni-tuscia	2015
mastandrea_paolo	uni-venezia	2015
marzi_claudia	cnr	2015
nahli_ouafae	cnr	2015
pirrelli_vito	cnr	2015
banterle_francesco	cnr	2015
brunelli_antonella	uni-bologna	2015
brigati_roberto	uni-bologna	2015
barbuti_roberto	uni-pisa	2015
meschini_federico	uni-tuscia	2015
evensen_nina-marie	uni-oslo	2021
martin-rodilla_patricia	uni-santiago-de-compostela	2018
stead_steve	self-employment	2018
grana-behrens_daniel	uni-bonn	2018
perry_sara	uni-york	2018
wickeroth_daniel	uni-koeln	2018
tambs_lena	uni-koeln	2018
herzog_irmela	abr	2018
vaupotic_ales	uni-novi-gorici	2018
marras_cristina	cnr	2018
cuy_sebastian	dai	2018
keith_allison	uni-stuttgart	2025
scholger_martina	uni-graz	2025
nilsson-fernandez_pedro	uni-cork	2025
rio-riande_gimena-del	conicet	2025
tomic_marijana	uni-zadar	2025
franken_lina	uni-vechta	2025
greinert_cordula	uni-rostock	2025
giovannini_luca	uni-potsdam	2025
fischer_hanna	uni-rostock	2025
verhoeven_deb	uni-alberta	2025
mannari_chiara	uni-pisa	2021
passarotti_marco	uni-cattolica-milano	2021
metilli_daniele	cnr	2021
metilli_daniele	uni-pisa	2021
metilli_daniele	uni-guelph	2024
gargano_giovanna	tourism-world-summit	2021
tambassi_timothy	uni-piemonte-orientale	2015
tambassi_timothy	uni-salerno	2021
salerno_giuseppe	uni-salerno	2021
d-urso_raffaella	uni-salerno	2021
bisogno_gianmarco	uni-salerno	2021
longo_alessandro	self-employment	2021
hageneuer_sebastian	uni-koeln	2021
sabatini_marina	uni-pisa	2021
bruni_sara	uni-pisa	2021
gioli_antonella	uni-pisa	2021
marasescu-galleron_ioana	uni-paris-sorbonne-nouvelle	2021
sebastiani_fabrizio	cnr	2021
tammaro_anna-maria	uni-parma	2014
genovese_giulia	websoup	2014
cignoni_giovanni	uni-pisa	2014
garzella_lorenzo	self-employment	2014
salvatori_nicoletta	cnr	2014
salvatori_nicoletta	uni-pisa	2021
angiolini_andrea	pandoracampus	2014
bartalesi_valentina	cnr	2014
cano_ricardo	eve-museos	2021
rubio-campillo_xavier	uni-barcelona	2021
ordono-daubagna_javier	arkikus	2021
horn_michael	uni-northwestern	2021
lopez-menchero_victor	uni-castilla-la-mancha	2020
collell_xevi	uni-girona	2020
melero-rus_francisco-javier	uni-granada	2020
marquis_nestor	self-employment	2020
hernandez-gueell_marc	la-tempesta	2020
gruber_doris	oeaw	2023
high-steskal_nicole	uni-krems	2022
mayer_sandra	uni-wien	2022
brenner_simon	uni-wien	2022
fruehwirth_timo	uni-wien	2022
moerth_karlheinz	oeaw	2020
trinks_immo	uni-wien	2020
koentges_thomas	uni-leipzig	2020
zuanni_chiara	uni-graz	2020
eichert_stefan	uni-wien	2021
prager_katharina	uni-wien	2021
frasca-rath_anna	uni-wien	2021
schlesinger_claus-michael	uni-wuerzburg	2019
viehhauser_gabriel	uni-stuttgart	2015
bockwinkel_peggy	uni-stuttgart	2016
luzi_christophe	uni-corse	2022
luzi_christophe	cnr	2022
walter_richard	cnrs	2021
walter_richard	uni-paris-sorbonne-nouvelle	2021
stular_benjamin	sazu	2020
romanov_maxim	uni-wien	2020
romanov_maxim	uni-hamburg	2022
cole_nicholas	uni-oxford	2019
hannesschlaeger_vanessa	oeaw	2019
hannesschlaeger_vanessa	uni-wien	2021
hughes_lorna	uni-glasgow	2019
de-sisto_mirella	uni-tilburg	2024
cremer_daniel	uni-duesseldorf	2024
verstegen_ute	uni-erlangen-nuernberg	2024
schelbert_georg	uni-hu-berlin	2018
schelbert_georg	zi-muenchen	2024
li_weixuan	uni-leiden	2024
kurz_susanne	uni-koeln	2024
ruiz-fabo_pablo	uni-strasbourg	2024
feichtinger_moritz	uni-basel	2024
spadini_elena	uni-basel	2024
spadini_elena	uni-bern	2024
weilinghof_andreas	uni-koblenz	2024
beisbart_claus	uni-bern	2024
kapitan_katarzyna-anna	uni-ecole-des-chartes	2024
bemelmans_sophie	uni-lausanne	2023
rochat_yannick	uni-lausanne	2023
demleitner_adrian	uni-bern	2023
brandenburg_aurelia	uni-bern	2023
wildi_tobias	fh-graubuenden	2023
krummenacher_dave	uni-lausanne	2023
krummenacher_dave	fh-zuerich	2023
hurel_pierre-yves	uni-lausanne	2023
maehr_moritz	uni-bern	2022
gasser_sonja	skkg	2022
toselli_alejandro-hector	uni-valencia	2022
jobin_anna	hiig	2022
serif_ina	uni-basel	2022
jaillant_lise	uni-loughborough	2022
marthot-santaniello_isabelle	uni-basel	2022
felsing_ulrike	uni-basel	2022
simi_maria	uni-pisa	2024
salvatori_enrica	uni-pisa	2014
bassett_caroline	uni-cambridge	2021
treharne_elaine	uni-stanford	2021
sanderson_rob	uni-yale	2021
fornaro_peter	uni-basel	2022
sutter_pascale	ssrq	2021
gubler_kaspar	uni-bern	2021
abel_stefan	uni-bern	2021
kohler_daniela	uni-bern	2021
metz_bernhard	uni-bern	2021
stuber_martin	uni-bern	2021
schmid_jimmy	uni-bern	2021
zimmermann_christian-von	uni-bern	2021
reichen_roland	uni-bern	2021
raciti_silvio	uni-bern	2021
zihlmann_patricia	uni-bern	2021
heinzmann_lukas	uni-bern	2021
schwarz-zanetti_gabriela	uni-bern	2021
fendt_kurt	mit	2021
nehrlich_thomas	uni-bern	2021
rosenthaler_lukas	uni-basel	2020
gabay_simon	uni-geneve	2022
schneider_christa	uni-bern	2020
grandjean_martin	uni-lausanne	2020
bell_peter	uni-erlangen-nuernberg	2020
schwandt_silke	uni-bielefeld	2020
feiner_leyla	uni-zuerich	2020
mcdonald_daniel	uni-zuerich	2020
dusinberre_martin	uni-zuerich	2020
leveghi_davide	history-lab-magazine	2024
manfredi_alice	history-lab-magazine	2024
varanini_francesco	self-employment	2014
lana_maurizio	uni-piemonte-orientale	2024
turbanti_simona	uni-pisa	2016
turbanti_simona	uni-milano	2024
sebastiani_melania	fili-di-juta	2024
aiola_chiara	netseven	2021
aiola_chiara	uni-pisa	2024
giuffrida_milena	uni-catania	2024
puglisi_alessandro	uni-stranieri-di-siena	2024
gorrieri_laura	uni-torino	2024
morent_stefan	uni-tuebingen	2023
darilek_marion	uni-tuebingen	2023
bauer_matthias	uni-tuebingen	2023
eufe_rembert	uni-tuebingen	2023
achimova_asya	uni-tuebingen	2023
koerner_kevin	uni-tuebingen	2023
goerss_eleanor	uni-tuebingen	2023
worm_andrea	uni-tuebingen	2023
bleier_roman	uni-graz	2023
wust_markus	uni-tuebingen	2023
patzold_steffen	uni-tuebingen	2023
zirker_angelika	uni-tuebingen	2023
schwabe_fabian	uni-tuebingen	2023
weimann_hanna	uni-stuttgart	2024
desmet_gabrielle	uni-lille	2025
ondraszek_sarah-rebecca	fiz-karlsruhe	2025
untner_laura	uni-fu-berlin	2024
rehse_birgit	uni-fu-berlin	2024
rehse_birgit	archive-fu-berlin	2024
hercher_johannes	uni-fu-berlin	2024
hercher_johannes	library-uni-fu-berlin	2024
falk_michael	uni-melbourne	2024
harris_ashleigh	uni-uppsala	2024
schwindt_mark	uni-fu-berlin	2024
schulz_konstantin	uni-hu-berlin	2024
beyer_andrea	uni-hu-berlin	2024
wolle_nikolai	uni-regensburg	2023
hiergeist_annalena	uni-regensburg	2023
gruenler_johanna	uni-regensburg	2023
murath_antonia	uni-fu-berlin	2023
panuskova_charlotte	uni-karlova	2024
hilger_agnes	uni-wuerzburg	2023
chemello_marco	uni-padova	2022
mazzini_federico	uni-padova	2022
novello_elisabetta	uni-padova	2021
zilio_daniel	uni-padova	2021
bernardi_teresa	uni-padova	2021
elice_martina	uni-padova	2021
orlandi_marco	uni-padova	2021
xie_shi	uni-sun-yat-sen	2021
ferrarese_francesco	uni-padova	2021
di-donato_francesca	self-employment	2014
d-altan_paolo	self-employment	2014
d-angelo_fabrizio	uni-roma-tre	2014
rossi_paolo	uni-pisa	2014
rosselli-del-turco_roberto	uni-pisa	2014
paterno_fabio	cnr	2014
venerandi_fabrizio	self-employment	2014
zanzotto_fabio-massimo	uni-roma-tor-vergata	2014
schaefer_lea	uni-marburg	2023
lubin_jonah	uni-fu-berlin	2023
chen_beijia	uni-fu-berlin	2023
poggel_lisa	uni-fu-berlin	2023
rodighiero_dario	uni-groningen	2023
iurescia_federica	uni-cattolica-milano	2023
parisi_maria-chiara	uni-amsterdam	2023
sprugnoli_rachele	uni-parma	2023
pence_charles	uni-leuven	2022
lang_sarah	uni-graz	2022
noichl_maximilian	uni-bamberg	2022
noichl_maximilian	uni-wien	2022
wontorra_lena	uni-fu-berlin	2022
wontorra_lena	ntm-mannheim	2022
duan_tinghui	uni-jena	2022
herbst_benjamin	uni-bern	2022
gutierrez_silvia	uni-leipzig	2022
mischke_dennis	uni-fu-berlin	2023
hessbrueggen-walter_stefan	uni-bochum	2023
hessbrueggen-walter_stefan	uni-moskau	2022
orekhov_boris	uni-moskau	2022
cakir_dilan-canan	uni-stuttgart	2022
cakir_dilan-canan	archive-dla-marbach	2022
escobar-varela_miguel	uni-singapore	2021
strasser_marc	usb	2024
akarcay_guenhan	museum-snm	2024
maget-dominice_antoinette	uni-geneve	2024
melone_mirco	museum-hmb	2024
himmelsbach_sabine	museum-hek	2024
jaquet_daniel	uni-epfl-lausanne	2024
katz_brian	uni-paris-sorbonne	2024
jehle_bruno	bj-institute	2023
zimmermann_dorothea	library-eth	2023
sibille_christiane	library-eth	2023
stoffel_isabelle	self-employment	2023
taes_sofie	uni-leuven	2023
dufaux_alain	uni-epfl-lausanne	2023
gries_christian	museum-lmw	2023
peacock_vita	uni-london-kcl	2022
bruun_mikkel-kenni	uni-london-kcl	2022
devlin_kate	uni-london-kcl	2022
bunz_mercedes	uni-london-kcl	2022
chavez-heras_daniel	uni-london-kcl	2022
roueche_charlotte	uni-london-kcl	2019
meghini_carlo	cnr	2018
bruegger_niels	uni-aarhus	2017
drucker_johanna	uni-la-california	2016
hockey_susan	uni-london-ucl	2015
luis-bueren_jose	library-bne	2021
fontal-merillas_olaia	uni-valladolid	2021
corff_oliver	unknown	2024
lehmberg_timm	adw-hamburg	2024
reul_christian	uni-wuerzburg	2024
marx_konstanze	uni-greifswald	2024
gloning_thomas	uni-giessen	2024
gloning_thomas	bbaw	2024
lemnitzer_lothar	bbaw	2024
barbaresi_adrien	bbaw	2023
schneider_roman	ids	2023
nolda_andreas	bbaw	2023
kupietz_marc	ids	2023
diewald_nils	ids	2023
meyer-hinrichs_kerstin	adw-goettingen	2023
mederake_nathalie	adw-goettingen	2023
harm_volker	adw-goettingen	2023
dorn_nico	adw-goettingen	2023
hug_marius	bbaw	2023
boenig_matthias	bbaw	2023
vogeler_andreas	legacy-page	2023
helbig_holger	uni-rostock	2023
hamster_ulf	bbaw	2023
henzel_katrin	uni-kiel	2023
schulte-im-walde_sabine	uni-stuttgart	2023
biemann_chris	uni-hamburg	2023
arnold_frederik	uni-hu-berlin	2022
fiechter_benjamin	uni-hu-berlin	2022
jaeschke_robert	uni-hu-berlin	2022
martus_steffen	uni-hu-berlin	2022
zinsmeister_heike	uni-hamburg	2022
muehlberger_guenter	uni-innsbruck	2022
piotrowski_michael	uni-lausanne	2022
georgi_christopher	uni-paderborn	2021
kirsten_linda	bbaw	2021
kirsten_linda	uni-paderborn	2021
thielert_frauke	uni-paderborn	2021
klappenbach_lou	bbaw	2021
schnoepf_markus	bbaw	2021
wilk_nicole-marianne	uni-paderborn	2021
schulz_daniela	bbaw	2021
stockhausen_annette-von	bbaw	2021
kaiser_maximilian	oeaw	2021
schloegl_matthias	oeaw	2021
kurz_stephan	oeaw	2021
klemstein_franziska	uni-weimar	2020
brunner_annelen	ids	2020
naji_julia	bbaw	2020
geyken_alexander	bbaw	2020
rojas-castro_antonio	uni-tuebingen	2025
rojas-castro_antonio	bbaw	2020
schumacher_mareike	uni-regensburg	2023
schumacher_mareike	uni-hamburg	2020
schumacher_mareike	uni-stuttgart	2024
schumacher_mareike	uni-darmstadt	2022
flueh_marie	uni-hamburg	2020
diehr_franziska	spk	2019
glinka_katrin	spk	2019
bludau_mark-jan	fh-potsdam	2019
busch_anna	uni-potsdam	2019
trilcke_peer	uni-potsdam	2019
bubenhofer_noah	uni-zuerich	2019
groetschel_martin	bbaw	2019
klar_jochen	self-employment	2019
wuttke_ulrike	fh-potsdam	2024
jarosch_julian	adw-mainz	2019
middell_gregor	pagina	2019
middell_gregor	bbaw	2023
tuerkoglu_enes	uni-koeln	2019
pohl_oliver	bbaw	2019
mueller-laackman_jonas	bbaw	2019
pollin_christopher	uni-graz	2021
gardner_roy	psycle	2019
fry_alex	psycle	2019
simon_tobias	fh-mainz	2018
bleeker_elli	knaw	2019
deicke_aline	uni-marburg	2025
deicke_aline	adw-mainz	2018
schirmacher_hartmut	fh-bht	2018
baiter_johannes	library-bsb	2018
neuber_frederike	bbaw	2018
czmiel_alexander	bbaw	2019
hussein_hussein	uni-fu-berlin	2018
meyer-sickendiek_burkhard	uni-fu-berlin	2018
burghardt_manuel	uni-regensburg	2017
burghardt_manuel	uni-leipzig	2024
burghardt_manuel	uni-lausanne	2023
kuczera_andreas	adw-mainz	2017
thomas_christian	bbaw	2021
thomas_christian	uni-hu-berlin	2017
haaf_susanne	bbaw	2017
schaarschmidt_nadine	uni-dresden	2025
koehler_thomas	uni-dresden	2025
hachmeister_maren	hait	2025
mattern_anna	uni-dresden	2025
christoph_ralf	uni-dresden	2024
razniewski_simon	scadsai	2024
lachmund_anne-marie	uni-dresden	2024
heilmann_jan	uni-dresden	2024
langenhorst_jan	uni-dresden	2024
frommherz_yannick	uni-dresden	2024
reimer_martin	uni-dresden	2023
herrmann_mathias	uni-dresden	2023
zloch_stephanie	uni-dresden	2023
dressen_angela	uni-dresden	2023
uhrig_peter	scadsai	2023
rutz_andreas	uni-dresden	2023
rutz_andreas	isgv	2023
langner_anke	uni-dresden	2023
kneuer_marianne	uni-dresden	2023
bartels_hauke	uni-dresden	2022
straub_verena	uni-dresden	2022
schankweiler_kerstin	uni-dresden	2022
de-cesare_anna-maria	uni-dresden	2022
meier-vieracker_simon	uni-dresden	2019
meier-vieracker_simon	uni-tu-berlin	2018
halpern_orit	uni-dresden	2022
menold_natalja	uni-dresden	2022
wuerzner_kay-michael	library-slub	2022
wuerzner_kay-michael	bbaw	2017
diebel-fischer_hermann	zih	2022
diebel-fischer_hermann	scadsai	2022
baumann_mario	uni-dresden	2022
lasch_alexander	uni-dresden	2023
miquel_laura	csic	2021
martínez-giralt_alejandro	csic	2021
boadas_sonia	uni-bologna	2021
rodriguez-ortega_nuria	uni-malaga	2021
coma-quintana_laia	uni-barcelona	2021
del-bosque-gonzalez_isabel	csic	2021
sallan-gairin_joaquin	uni-barcelona-autonoma	2021
vicent_naiara	uni-pais-vasco	2021
blanke_tobias	uni-amsterdam	2024
bonch-osmolovskaya_anastasia	uni-moskau	2023
acquavella-rauch_stefanie	uni-mainz	2021
baker_keith-michael	uni-stanford	2016
schnapp_jeffrey	uni-harvard	2016
cugliana_elisa	uni-venezia	2020
cugliana_elisa	uni-koeln	2022
lucchesi_anita	uni-luxemburg	2023
demantowsky_marko	uni-basel	2017
ruef_bernhard	uni-zuerich	2015
ruef_bernhard	ssrq	2021
al-suadi_soham	uni-rostock	2024
alvares-freire_fernanda	uni-rostock	2023
alvares-freire_fernanda	uni-darmstadt	2024
baillot_anne	uni-le-mans	2024
baillot_anne	centre-marc-bloch	2017
berti_monica	uni-leipzig	2024
cap_clemens	uni-rostock	2024
carmo_ines-rebelo-do	uni-lissabon	2023
dennerlein_katrin	uni-wuerzburg	2025
dumont_stefan	bbaw	2023
reichelt_manuela	fbn	2023
eggert_anja	fbn	2023
evans_tanya	uni-macquarie	2020
fischer_frank	uni-goettingen	2015
fischer_frank	uni-moskau	2016
fischer_frank	uni-fu-berlin	2024
fischer_frank	dariah	2021
gius_evelyn	uni-darmstadt	2024
gius_evelyn	uni-hamburg	2014
hall_mark	uni-open	2024
henny-krahmer_ulrike	uni-wuerzburg	2017
henny-krahmer_ulrike	uni-rostock	2022
herrmann_berenike	uni-bielefeld	2023
himstedt-vaid_petra	uni-rostock	2023
jettka_daniel	uni-paderborn	2023
kassner_fabian	uni-rostock	2023
kellner_nils	uni-rostock	2023
neuefeind_claes	uni-koeln	2015
messerschmidt_reinhard	uni-koeln	2015
rau_felix	uni-koeln	2015
diwersy_sascha	uni-koeln	2015
dieckmann_lisa	uni-koeln	2022
fischer_franz	uni-koeln	2015
vetter_angila	library-uni-kiel	2023
vetter_angila	uni-augsburg	2023
hoffmann_moritz	self-employment	2016
parina_elena	uni-marburg	2016
gengnagel_tessa	uni-koeln	2016
gengnagel_tessa	cceh	2023
elwert_frederik	uni-bochum	2016
eide_oyvind	uni-koeln	2016
geelhaar_tim	uni-frankfurt	2017
prager_christian	uni-bonn	2017
diederichs_katja	uni-bonn	2017
declerck_thierry	dfki	2017
daxenberger_johannes	uni-darmstadt	2017
daengeli_peter	uni-koeln	2017
hodel_tobias	uni-zuerich	2017
witt_andreas	uni-koeln	2017
witt_andreas	uni-mannheim	2024
witt_andreas	uni-heidelberg	2024
andrews_tara	uni-wien	2022
kahn_rebecca	uni-wien	2021
wallnig_thomas	uni-wien	2020
windhager_florian	uni-krems	2020
windhager_florian	uni-wien	2021
vogeler_georg	uni-graz	2023
preiser-kapeller_johannes	oeaw	2020
rastinger_nina	oeaw	2024
fellner_hannes	uni-wien	2020
odijk_jan	uni-utrecht	2015
backes_marianne	cvce	2015
arthur_paul	uni-west-sydney	2015
huang_marianne	uni-aarhus	2015
angeletaki_alexandra	uni-trondheim	2016
ommer_björn	uni-heidelberg	2017
crane_gregory	uni-leipzig	2017
crane_gregory	uni-tufts	2017
harrower_natalie	dri	2017
harrower_natalie	ria	2017
edmond_jennifer	uni-trinity-dublin	2021
edmond_jennifer	dariah	2021
tulp_jan-willem	tulp	2018
meyer_miriah	uni-utah	2019
van-erp_marieke	knaw	2019
romary_laurent	inria	2020
van-hyning_victoria	uni-maryland-info	2020
hovy_dirk	uni-bocconi	2021
bateman_john	uni-bremen	2021
kohle_hubertus	uni-muenchen	2021
schneider_stefanie	uni-muenchen	2021
van-zundert_joris	huygens-ing	2020
mantoan_diego	uni-venezia	2020
may_sarah	uni-swansea	2020
huskey_samuel	uni-oklahoma	2020
dutta_abhishek	uni-oxford	2020
malaspina_matilde	uni-oxford	2020
schich_maximilian	uni-tallinn	2022
heath_sebastian	uni-new-york	2022
rogers_richard	uni-amsterdam	2022
rabus_achim	uni-freiburg	2023
tasovac_toma	dariah	2023
horvath_aliz	uni-eoetvoes-lorand	2024
priego_ernesto	uni-london-city	2021
severo_marta	uni-paris-nanterre	2021
toth_michael-b	rbtoth	2021
nevola_fabrizio	uni-exeter	2021
hermens_erma	uni-amsterdam	2021
hermens_erma	museum-rijks	2021
hermens_erma	uni-venezia	2021
forte_maurizio	uni-duke	2021
mancinelli_tiziana	uni-venezia	2021
kiss_dániel	uni-barcelona	2021
kiss_dániel	uni-venezia	2021
siemens_ray	uni-victoria	2021
arbuckle_alyssa	uni-victoria	2021
dell-unto_nicolo	cnr	2014
dell-unto_nicolo	uni-lund	2021
bernini_rita	museum-icg	2021
luzon_jose-maria	museum-rabasf	2021
misiti_maria-cristina	self-employment	2021
daquino_marilena	uni-bologna	2021
gallia_arturo	uni-roma-tre	2021
pavlopoulos_ioannis	uni-venezia	2022
pavlopoulos_ioannis	uni-stockholm	2022
gil_tiago-luis	uni-venezia	2022
gil_tiago-luis	uni-brasilia	2022
camps_jean-baptiste	uni-venezia	2022
camps_jean-baptiste	uni-ecole-des-chartes	2022
mcgillivray_barbara	uni-london-kcl	2022
berti_paolo	uni-venezia	2022
macchiarelli_agnese	uni-venezia	2022
danelon_nevio	uni-duke	2022
danelon_nevio	uni-venezia	2022
danelon_nevio	uni-rome-sapienza	2024
williams_sean	uni-sheffield	2022
williams_sean	uni-venezia	2022
dolcetti_francesca	uni-venezia	2022
galeazzo_ludovica	uni-padua	2023
maietti_federica	uni-ferrara	2023
carbe_emmanuela	uni-siena	2023
bessi_benedetta	uni-venezia	2023
algee-hewitt_mark	uni-stanford	2023
lenci_alessandro	uni-pisa	2014
damiano_rossana	uni-torino	2023
monachini_monica	ilc	2019
fernández-castrillo_carolina	uni-venezia	2019
fernández-castrillo_carolina	uni-madrid	2019
monella_paolo	uni-venezia	2019
monella_paolo	uni-palermo	2019
campagnolo_alberto	uni-venezia	2020
tomasi_francesca	uni-bologna	2020
tonelli_sara	fbk	2020
corro_elisa	uni-venezia	2020
fusi_daniele	uni-venezia	2020
delmonte_rodolfo	uni-venezia	2020
redmond_marie	uni-venezia	2020
tramelli_barbara	uni-venezia	2020
campus_leonardo	uni-venezia	2020
robinson_peter	uni-saskatchewan	2024
robinson_peter	uni-venezia	2024
caloi_ilaria	uni-venezia	2024
bernardini_federico	uni-venezia	2024
cauvin_thomas	uni-luxemburg	2024
boschetti_federico	ilc	2024
kloet_jeroen-de	uni-amsterdam	2024
dziekan_vincent	uni-monash	2024
madden_amanda	uni-george-mason	2024
rettberg_scott	uni-bergen	2024
wuebbena_thorsten	ieg-mainz	2022
cremer_fabian	mws	2018
pujol-tost_laia	uni-york	2018
pujol-tost_laia	uni-pompeu-fabra	2018
el-khatib_randa	uni-victoria	2018
sahle_patrick	uni-koeln	2015
sahle_patrick	uni-wuppertal	2021
schulz_sarah	uni-stuttgart	2018
reiter_nils	uni-stuttgart	2018
reiter_nils	uni-koeln	2021
kirschbaum_jan	uni-duesseldorf	2018
paliou_eleftheria	uni-koeln	2018
wikman_thomas	self-employment	2018
mondaca_francisco	uni-koeln	2018
zimmer_sebastian	uni-koeln	2018
koenig_mareike	dhi-paris	2019
probst_nora	uni-koeln	2019
probst_nora	uni-paderborn	2022
mertgens_andreas	cceh	2019
saef_nasrin	cceh	2019
blumtritt_jonathan	uni-koeln	2019
blumtritt_jonathan	cceh	2023
helling_patrick	uni-koeln	2019
christlein_vincent	uni-erlangen-nuernberg	2019
chiarcos_christian	uni-frankfurt	2019
ionov_maxim	uni-frankfurt	2019
pierazzo_elena	uni-grenoble-alpes	2019
huitfeldt_claus	uni-bergen	2020
klein_bjoern	fh-nordwestschweiz	2020
demmer_dennis	uni-koeln	2020
hermes_juergen	uni-koeln	2015
palladino_chiara	uni-furman	2020
karimi_farimah	uni-koeln	2020
oberste-hetbleck_nadine	uni-koeln	2020
bigalke_jan	uni-koeln	2020
drach_sviatoslav	uni-koeln	2020
pohl_adrian	library-hbz-nrw	2020
christoph_pascal	library-hbz-nrw	2020
steeg_fabian	library-hbz-nrw	2020
kuroczynski_piotr	fh-mainz	2020
peters_jens	lvr-infokom	2020
guenther_sabine-de	fh-potsdam	2021
freyberg_linda	fh-potsdam	2021
cetinoglu_oezlem	uni-stuttgart	2021
effinger_maria	library-uni-heidelberg	2021
roewenstrunk_daniel	uni-paderborn	2021
busch_hannah	huygens-ing	2021
mischke_britta	uni-koeln	2021
perathoner_marcello	uni-koeln	2021
heftberger_adelheid	archive-barch-berlin	2021
binnewitt_johanna	bibb	2021
offert_fabian	uni-sb-california	2022
pagel_janis	uni-koeln	2022
lorenz_andrea	uni-hamburg	2022
berg_mia	uni-bochum	2022
schrade_torsten	adw-mainz	2022
popovic_mihailo	oeaw	2022
koschicek-krombholz_bernhard	oeaw	2022
stede_manfred	uni-potsdam	2022
santos_pedro	fraunhofer-igd	2022
grund_vera	uni-paderborn	2023
drewes_henner	uni-paderborn	2023
muenzmay_andreas	uni-paderborn	2023
messemer_heike	uni-dresden	2023
schrader_oliver	cceh	2023
gassmann_sebastian	uni-bonn	2023
sode_claudia	uni-koeln	2023
filosa_martina	uni-koeln	2023
sopracasa_alessio	uni-paris-sorbonne	2023
ostrowski_alina	uni-passau	2023
horstmann_jan	uni-muenster	2023
finlayson_mark	uni-florida	2023
barabucci_gioele	uni-koeln	2023
garozzo_raissa	uni-catania	2023
wutte_anja	uni-koeln	2023
schaeben_marcel	uni-koeln	2023
politopoulos_aris	uni-leiden	2023
iliev_dimitar	uni-sofia	2023
ferraz-gerardi_fabricio	uni-tuebingen	2023
barreto_bruno	uni-sao-paolo	2023
schubert_lutz	uni-koeln	2024
stead_stephen	paveprime-ltd	2024
pruemers_heiko	dai	2024
lammers_lukas	uni-koeln	2024
lammers_lukas	dai	2024
simha_vyshantha	ibm	2024
downs-tepper_liam	uni-wien	2024
tharandt_louise	uni-koeln	2021
tharandt_louise	uni-hu-berlin	2024
landeschi_giacomo	uni-lund	2024
oiva_mila	uni-turku	2024
deligio_chris	uni-frankfurt	2024
hameeuw_hendrik	uni-leuven	2025
schubert_zoe	uni-koeln	2018
schubert_zoe	spk	2025
schubert_zoe	tib	2025
kerig_tim	uni-kiel	2025
ciula_arianna	uni-london-kcl	2025
nyhan_julianne	uni-darmstadt	2022
noback_andreas	uni-darmstadt	2022
gestrich_nicholas	frobenius-institut	2022
lang_ulrich	uni-koeln	2022
rossberger_elisa	uni-fu-berlin	2022
brandsen_alex	uni-leiden	2023
murrieta-flores_patricia	uni-lancaster	2020
valletta_francesco	uni-jerusalem	2021
mccarty_willard	uni-london-ucl	2021
mccarty_willard	uni-london-kcl	2023
salciute-civiliene_gabriele	uni-london-ucl	2021
lang_matthias	uni-bonn	2021
olteanu_alin	uni-aachen	2021
hinz_daniel	uni-koeln	2021
erdbeer_robert-matthias	uni-muenster	2021
block-berlitz_marco	htw-dresden	2021
bonderup-dohn_nina	uni-southern-denmark	2021
hansen_stig-borsen	uni-southern-denmark	2021
christensen_inger-marie-falgren	uni-southern-denmark	2021
vanautgaerden_alexandre	uni-warwick	2022
papadopoulos_costas	uni-maastrich	2020
barker_elton	uni-open	2020
bruhn_kai-christian	fh-mainz	2020
reinhard_andrew	ans	2020
reinhard_andrew	uni-new-york	2020
bieber_jasmin	uni-konstanz	2020
bruschke_jonas	uni-wuerzburg	2020
bruschke_jonas	uni-dresden	2020
kroeber_cindy	uni-wuerzburg	2020
kroeber_cindy	uni-dresden	2020
roche_melanie	library-bnf	2021
feuser_stefan	uni-kiel	2021
behnert-brodhun_maximilian	uni-goettingen	2021
assmann_jan	uni-konstanz	2019
kenter_jan	uni-bonn	2019
laepke_stefanie	uni-bonn	2019
kreppner_florian-janoscha	uni-muenster	2019
povroznik_nadezhda	uni-perm	2019
povroznik_nadezhda	uni-luxemburg	2019
gomez_veronica-paula	conicet-santa-fe	2019
mara_hubert	uni-heidelberg	2019
remmy_michael	uni-koeln	2020
hiseni_valentina	uni-koeln	2020
kruhl_dominik	uni-koeln	2020
theisen_christian	uni-koeln	2020
byszuk_joanna	pan	2020
giordano_andrea	uni-padova	2019
ekström_andreas	sydsvenskan	2020
sayeed_asad	uni-gothenburg	2020
granström_helena	self-employment	2020
helden_johannes	self-employment	2020
borin_lars	uni-gothenburg	2020
horn_christian	uni-gothenburg	2020
lindhe_cecilia	uni-gothenburg	2020
björkin_mats	uni-gothenburg	2020
lamberti_elena	uni-bologna	2020
liu_ying-hsang	uni-southern-denmark	2021
donadelli_giovanni	uni-padova	2020
donadelli_giovanni	museum-uni-padova	2020
buzzoni_marina	uni-venezia	2019
abiven_karine	uni-sorbonne	2021
bartz_alexandre	uni-sorbonne	2021
saignol_come	uni-sorbonne	2021
borgna_alice	uni-piemonte-orientale	2022
da-costa_georges	uni-paul-sabatier	2022
hentschel_frank	uni-koeln	2017
wübbena_thorsten	dfk-paris	2018
heusinger_klaus-von	uni-koeln	2023
niknia_massoomeh	uni-koeln	2024
hess_mona	uni-bamberg	2018
kramer_iris	archai-ltd	2022
anne_ferger	uni-paderborn	2023
anne_ferger	uni-duisburg-essen	2023
nantke_julia	uni-hamburg	2023
roeder_torsten	uni-wuerzburg	2023
bermúdez-sabel_helena	uni-neuchatel	2023
krueger_frank	fh-wismar	2023
theise_antje	library-uni-rostock	2023
schroeder_max	uni-rostock	2023
uribe_jorge	uni-eafit	2023
sepulveda_pedro	uni-lissabon	2023
labahn_karsten	library-uni-rostock	2023
lemke_marc	uni-rostock	2023
meyer_holger	uni-rostock	2023
raeder_andy	uni-rostock	2023
mueller_caroline	uni-rostock	2024
kostresevic_milan	uni-rostock	2024
werner_christoph	fh-wismar	2024
pilhofer_philipp	uni-rostock	2024
wagner_martin	uni-rostock	2024
hoeltgen_stefan	fh-heidelberg	2024
hoeltgen_stefan	uni-bonn	2024
schroeter_julian	uni-muenchen	2024
vandewalle_alexander	uni-antwerpen	2024
vandewalle_alexander	uni-gent	2024
spinelli_julian	uni-buenos-aires	2024
veit_torsten	uni-greifswald	2024
neovesky_anna	uni-erfurt	2024
neovesky_anna	fh-erfurt	2024
sucharowski_wolfgang	uni-rostock	2024
kroll_stefan	uni-rostock	2024
poder_johann-christian	uni-rostock	2024
mende_jana-katharina	uni-halle-wittenberg	2025
klammt_anne	hait	2023
garces_juan	library-slub	2024
kronemeijer_redmer	self-employment	2018
fischer_gordon	bbaw	2021
lecroq_axelle	bbaw	2021
langner_martin	uni-goettingen	2021
alscher_stefan	uni-stuttgart	2016
vukojevic-haupt_karolina	uni-stuttgart	2017
baumann_martin	uni-stuttgart	2018
fleischer_lukas	uni-stuttgart	2018
borek_luise	uni-darmstadt	2024
jung_kerstin	uni-stuttgart	2024
ketschik_nora	uni-stuttgart	2024
glawion_anastasia	uni-erlangen-nuernberg	2024
fritze_christiane	uni-wien	2021
luther_anne	i4dh	2022
sanchez_joan-andreu	uni-valencia	2022
pfister_eugen	uni-bern	2023
kato_hiloko	uni-zuerich	2023
kato_hiloko	fh-zuerich	2023
wild_larissa	uni-lausanne	2023
wild_larissa	fh-zuerich	2023
niklas_jedrzej	uni-cambridge	2025
ros-munoz_salvador	uni-nacional-de-educacion-a-distancia	2024
